,production_year,id,title,budget,film_type,animated
0,2006,4103791,Pirates of the Caribbean: Dead Man's Chest,225000000,F,no
1,2006,4022547,Night at the Museum,110000000,F,no
2,2006,3415583,Cars,70000000,D,yes
3,2006,4587958,X-Men: The Last Stand,210000000,F,no
4,2006,4351263,The Da Vinci Code,125000000,F,no
5,2006,4292783,Superman Returns,232000000,D|F,no
6,2006,3688918,Happy Feet,85000000,D,yes
7,2006,3742737,Ice Age: The Meltdown,75000000,D,yes
8,2006,3416743,Casino Royale,102000000,F,no
9,2006,4422776,The Pursuit of Happyness,55000000,F,no
10,2006,4072349,Over the Hedge,80000000,D,yes
11,2006,4306938,Talladega Nights: The Ballad of Ricky Bobby,73000000,F,no
12,2006,3443234,Click,82500000,D,no
13,2006,3973646,Mission: Impossible III,150000000,D|F,no
14,2006,4354171,The Departed,90000000,F,no
15,2006,3382988,Borat: Cultural Learnings of America for Make Benefit Glorious Nation of Kazakhstan,18000000,D,no
16,2006,4354891,The Devil Wears Prada,35000000,F,no
17,2006,4338910,The Break-Up,52000000,F,no
18,2006,3545177,Dreamgirls,75000000,F,no
19,2006,4200942,Scary Movie 4,40000000,D,no
20,2006,3599271,Failure to Launch,50000000,F,no
21,2006,3764769,Inside Man,50000000,F,no
22,2006,4062558,Open Season,85000000,D,yes
23,2006,4431042,The Santa Clause 3: The Escape Clause,12000000,F,no
24,2006,3426002,Charlotte's Web,82500000,F,no
25,2006,4418312,The Pink Panther,80000000,F,no
26,2006,3559887,Eight Below,40000000,F,no
27,2006,4199533,Saw III,10000000,F,no
28,2006,4005914,Nacho Libre,32000000,F,no
29,2006,4597216,"You, Me and Dupree",54000000,F,no
30,2006,3583573,Eragon,100000000,F,no
31,2006,3981060,Monster House,75000000,D,yes
32,2006,3340223,Barnyard,51000000,D,yes
33,2006,3779188,Jackass Number Two,11000000,D,no
34,2006,4184521,RV,55000000,F,no
35,2006,4584613,World Trade Center,65000000,F,no
37,2006,3361273,Big Momma's House 2,40000000,F,no
38,2006,4276028,Step Up,12000000,F,no
39,2006,3622718,Flushed Away,149000000,D,yes
40,2006,3499858,Deja Vu,80000000,D|F,no
41,2006,3963356,Miami Vice,135000000,D|F,no
42,2006,4379574,The Holiday,85000000,F,no
43,2006,3928376,Madea's Family Reunion,10000000,F,no
44,2006,4363563,The Fast and the Furious: Tokyo Drift,85000000,F,no
45,2006,4517993,Underworld: Evolution,45000000,F,no
46,2006,4434348,The Shaggy Dog,60000000,F,no
47,2006,4116028,Poseidon,160000000,F,no
48,2006,4373148,The Good Shepherd,90000000,F,no
49,2006,3902408,Little Miss Sunshine,8000000,F,no
50,2006,4332804,The Benchwarmers,35000000,F,no
51,2006,3472434,Curious George,50000000,D,yes
53,2006,3769678,Invincible,40000000,F,no
54,2006,3374009,Blood Diamond,100000000,F,no
56,2006,4375784,The Guardian,70000000,F,no
57,2006,4412517,The Omen,25000000,F,no
58,2006,3613929,Final Destination 3,25000000,F,no
59,2006,4420579,The Prestige,40000000,F,no
60,2006,4388766,The Lake House,40000000,F,no
61,2006,3306082,Apocalypto,40000000,D|F,no
62,2006,3616510,Firewall,50000000,F,no
63,2006,3487752,Date Movie,20000000,F,no
64,2006,4566445,When a Stranger Calls,15000000,F,no
65,2006,4236102,Silent Hill,50000000,D|F,no
67,2006,4557731,We Are Marshall,65000000,F,no
68,2006,3662671,Glory Road,30000000,F,no
69,2006,3862759,Lady in the Water,75000000,F,no
70,2006,4378966,The Hills Have Eyes,17000000,F,no
71,2006,3792938,John Tucker Must Die,18000000,F,no
72,2006,4281287,Stranger Than Fiction,30000000,F,no
73,2006,4382282,The Illusionist,16500000,F,no
74,2006,4445284,The Texas Chainsaw Massacre: The Beginning,16000000,F,no
75,2006,4375741,The Grudge 2,20000000,F,no
76,2006,3675099,Gridiron Gang,30000000,F,no
77,2006,3867947,Last Holiday,45000000,F,no
78,2006,3567285,El laberinto del fauno,16000000,F,no
79,2006,4408843,The Nativity Story,35000000,F,no
80,2006,3936961,Man of the Year,20000000,F,no
81,2006,4457472,The Wild,80000000,D,yes
82,2006,3217057,16 Blocks,45000000,F,no
83,2006,3260960,Accepted,23000000,F,no
84,2006,4433561,The Sentinel,60000000,F,no
85,2006,3431990,Children of Men,76000000,F,no
86,2006,3497989,Deck the Halls,51000000,F,no
87,2006,4305144,Take the Lead,30000000,F,no
88,2006,3328368,Babel,20000000,F,no
89,2006,4249326,Snakes on a Plane,33000000,F,no
90,2006,4225135,She's the Man,25000000,F,no
91,2006,3619400,Flags of Our Fathers,53000000,D|F,no
92,2006,4520404,United 93,18000000,F,no
93,2006,3576681,Employee of the Month,10000000,F,no
94,2006,3647992,Garfield: A Tail of Two Kitties,60000000,F,yes
95,2006,4327129,The Ant Bully,45000000,D,yes
96,2007,4265570,Spider-Man 3,258000000,F,no
97,2007,4231844,Shrek the Third,160000000,D,yes
98,2007,4490108,Transformers,151000000,F,no
99,2007,4103788,Pirates of the Caribbean: At World's End,300000000,F,no
100,2007,3691589,Harry Potter and the Order of the Phoenix,150000000,F,no
101,2007,3734590,I Am Legend,150000000,F,no
102,2007,4337941,The Bourne Ultimatum,130000000,F,no
103,2007,4011379,National Treasure: Book of Secrets,130000000,F,no
105,2006,3224132,300,60000000,F,no
106,2007,4147848,Ratatouille,150000000,D,yes
107,2007,4436062,The Simpsons Movie,72500000,D,yes
108,2007,4575414,Wild Hogs,60000000,F,no
109,2007,3825125,Knocked Up,27500000,F,no
110,2007,3799556,Juno,7000000,F,no
111,2007,4183784,Rush Hour 3,180000000,F,no
112,2007,3903519,Live Free or Die Hard,110000000,F,no
113,2007,3226084,4: Rise of the Silver Surfer,120000000,D|F,no
114,2007,3288062,American Gangster,100000000,F,no
115,2007,3578765,Enchanted,85000000,F,yes
116,2007,3347226,Bee Movie,150000000,D,yes
117,2007,4292362,Superbad,17500000,D|F,no
118,2007,3738662,I Now Pronounce You Chuck & Larry,85000000,D,no
119,2007,3683582,Hairspray,75000000,F,no
120,2007,3370906,Blades of Glory,61000000,F,no
121,2007,4046427,Ocean's Thirteen,85000000,F,no
122,2007,3656057,Ghost Rider,120000000,F,no
123,2007,3590391,Evan Almighty,175000000,F,no
124,2007,3954311,Meet the Robinsons,150000000,D,yes
125,2007,4032797,Norbit,60000000,F,no
126,2007,4340125,The Bucket List,45000000,F,no
127,2007,4369338,The Game Plan,22000000,F,no
128,2007,3390887,Bridge to Terabithia,25000000,F,no
129,2007,3352785,Beowulf,150000000,D,yes
130,2007,3529684,Disturbia,20000000,F,no
131,2007,4027377,No Country for Old Men,25000000,F,no
132,2007,3633249,Fred Claus,100000000,F,no
133,2007,3216737,1408,22500000,F,no
134,2007,4372550,The Golden Compass,205000000,D|F,no
135,2007,3425807,Charlie Wilson's War,75000000,F,no
136,2007,4199536,Saw IV,10000000,F,no
137,2007,4278745,Stomp the Yard,14000000,F,no
138,2007,4293871,Surf's Up,100000000,D,yes
139,2007,3684883,Halloween,15000000,F,no
140,2007,4573407,Why Did I Get Married?,15000000,F,no
141,2007,4476659,TMNT,35000000,D,yes
142,2007,4074000,P.S. I Love You,30000000,F,no
143,2007,3224812,3:10 to Yuma,48000000,F,no
144,2007,4297274,Sweeney Todd: The Demon Barber of Fleet Street,50000000,F,no
145,2007,3320142,Atonement,30000000,F,no
146,2007,4160703,Resident Evil: Extinction,45000000,F,no
147,2007,3994671,Music and Lyrics,40000000,F,no
148,2007,3309027,Are We Done Yet?,28000000,F,no
149,2007,4465231,This Christmas,13000000,F,no
150,2007,3963670,Michael Clayton,21500000,F,no
151,2007,4121256,Premonition,20000000,F,no
152,2007,3479041,Dan in Real Life,25000000,F,no
153,2007,4387792,The Kingdom,72500000,D|F,no
154,2007,4230093,Shooter,60000000,F,no
155,2007,3893984,License to Wed,35000000,F,no
157,2007,4029286,No Reservations,28000000,F,no
158,2007,3346355,Because I Said So,39000000,F,no
159,2007,3325297,AVPR: Aliens vs Predator - Requiem,40000000,F,no
160,2007,4455324,The Water Horse,40000000,F,no
161,2007,4462665,There Will Be Blood,25000000,F,no
162,2007,3582757,Epic Movie,20000000,F,no
163,2007,3713283,Hitman,17500000,F,no
164,2007,3223933,30 Days of Night,30000000,F,no
166,2007,4273155,Stardust,70000000,F,no
167,2007,4338774,The Brave One,70000000,F,no
168,2007,4378039,The Heartbreak Kid,60000000,F,no
169,2007,3634195,Freedom Writers,21000000,F,no
170,2006,4248645,Smokin' Aces,17000000,F,no
171,2007,4404192,The Messengers,16000000,F,no
172,2007,4411406,The Number 23,32000000,F,no
173,2007,3668029,Good Luck Chuck,25000000,F,no
174,2007,3988722,Mr. Bean's Holiday,25000000,F,no
175,2007,4605969,Zodiac,85000000,D|F,no
178,2007,3989416,Mr. Magorium's Wonder Emporium,65000000,F,no
179,2007,3322353,August Rush,25000000,F,no
180,2007,3476666,Daddy's Little Girls,10000000,F,no
181,2007,4374169,The Great Debaters,15000000,F,no
182,2007,3222785,28 Weeks Later,15000000,D|F,no
183,2007,4558500,We Own the Night,28000000,F,no
184,2007,3988847,Mr. Brooks,20000000,F,no
185,2007,3687572,Hannibal Rising,50000000,F,no
186,2007,4408664,The Nanny Diaries,20000000,F,no
187,2007,3990017,Mr. Woodcock,22000000,F,no
188,2007,4405822,The Mist,13000000,F,no
189,2007,4008711,Nancy Drew,20000000,F,no
190,2007,4424867,The Reaping,40000000,F,no
191,2007,3675449,Grindhouse,53000000,D|F,no
193,2007,3262294,Across the Universe,45000000,F,no
194,2007,4093981,Perfect Stranger,60795000,F,no
196,2008,4351882,The Dark Knight,185000000,F,no
197,2008,3771267,Iron Man,186000000,F,no
198,2008,3760878,Indiana Jones and the Kingdom of the Crystal Skull,185000000,F,no
199,2008,3686394,Hancock,150000000,F,no
200,2008,4552441,WALL·E,180000000,D,yes
201,2008,3832916,Kung Fu Panda,130000000,D,yes
202,2008,4503073,Twilight,37000000,F,no
203,2008,3927469,Madagascar: Escape 2 Africa,150000000,D,yes
204,2008,4138272,Quantum of Solace,230000000,D|F,no
205,2008,3722187,Horton Hears a Who!,85000000,D,yes
206,2008,4217680,Sex and the City,57500000,F,no
207,2008,3671548,Gran Torino,25000000,F,no
208,2008,3936184,Mamma Mia!,52000000,F,no
209,2008,3944079,Marley & Me,60000000,F,no
210,2008,4345058,The Chronicles of Narnia: Prince Caspian,225000000,F,no
211,2008,4246897,Slumdog Millionaire,14000000,D|F,no
212,2008,4382809,The Incredible Hulk,137500000,F,no
213,2008,4553361,Wanted,75000000,F,no
214,2008,3654344,Get Smart,80000000,D|F,no
215,2008,4350809,The Curious Case of Benjamin Button,160000000,D|F,no
216,2008,3629862,Four Christmases,80000000,F,no
217,2008,3380323,Bolt,150000000,D,yes
218,2008,4496275,Tropic Thunder,90000000,F,no
219,2008,3347132,Bedtime Stories,80000000,D|F,no
220,2008,4407588,The Mummy: Tomb of the Dragon Emperor,175000000,F,no
221,2008,3795911,Journey to the Center of the Earth,45000000,D,no
222,2008,3554411,Eagle Eye,80000000,F,no
223,2008,4275939,Step Brothers,65000000,F,no
224,2008,4596168,You Don't Mess with the Zohan,90000000,D,no
225,2008,4593276,Yes Man,50000000,F,no
226,2008,3214733,"10,000 BC",105000000,F,no
227,2008,3356360,Beverly Hills Chihuahua,20000000,F,no
228,2008,3708274,High School Musical 3: Senior Year,11000000,F,no
229,2008,4102491,Pineapple Express,26000000,F,no
230,2008,4530611,Valkyrie,90000000,F,no
231,2008,3221663,21,35000000,D|F,no
232,2008,4564275,What Happens in Vegas,35000000,F,no
233,2008,3798659,Jumper,82500000,F,no
234,2008,3444745,Cloverfield,25000000,D,no
235,2008,4352717,The Day the Earth Stood Still,80000000,F,no
236,2008,3222690,27 Dresses,30000000,F,no
237,2008,3700482,Hellboy II: The Golden Army,82500000,F,no
238,2008,4532220,Vantage Point,40000000,F,no
239,2008,4439064,The Spiderwick Chronicles,92500000,F,no
240,2008,3624679,Fool's Gold,72500000,F,no
241,2008,4216904,Seven Pounds,54000000,F,no
242,2008,4174833,Role Models,28000000,F,no
243,2008,3687478,Hannah Montana and Miley Cyrus: Best of Both Worlds Concert,6500000,D,no
244,2008,4376805,The Happening,60000000,F,no
245,2008,3628127,Forgetting Sarah Marshall,30000000,F,no
246,2008,3329189,Baby Mama,30000000,F,no
247,2008,3400026,Burn After Reading,37000000,F,no
248,2008,4276032,Step Up 2: The Streets,17500000,F,no
249,2008,4199543,Saw V,10800000,F,no
250,2008,4441628,The Strangers,9000000,F,no
251,2008,4367126,The Forbidden Kingdom,55000000,D|F,no
252,2008,4443865,The Tale of Despereaux,60000000,D,yes
253,2008,3323254,Australia,130000000,F,no
254,2008,4380718,The House Bunny,25000000,D,no
255,2008,4025142,Nim's Island,37000000,F,no
256,2008,3928316,Made of Honor,40000000,F,no
258,2008,4436392,The Sisterhood of the Traveling Pants 2,27000000,F,no
259,2008,4264669,Speed Racer,120000000,D,no
260,2008,4128523,Prom Night,18000000,F,no
261,2008,4145748,Rambo,47500000,F,no
262,2008,4560795,"Welcome Home, Roscoe Jenkins",27500000,F,no
263,2008,3954177,Meet the Browns,20000000,F,no
264,2008,4024205,Nights in Rodanthe,30000000,F,no
265,2008,3950081,Max Payne,35000000,D|F,no
266,2008,4167394,Righteous Kill,60000000,F,no
267,2008,3379058,Body of Lies,67500000,F,no
268,2008,3863802,Lakeview Terrace,20000000,F,no
269,2008,3954323,Meet the Spartans,30000000,F,no
270,2008,3691204,Harold & Kumar Escape from Guantanamo Bay,12000000,F,no
272,2008,4432781,The Secret Life of Bees,11000000,F,no
274,2008,3496754,Death Race,65000000,F,no
275,2008,3424168,Changeling,55000000,F,no
276,2008,4272913,Star Wars: The Clone Wars,8500000,D,yes
277,2008,4424355,The Reader,32500000,F,no
278,2008,4212990,Semi-Pro,55000000,F,no
279,2008,3616440,Fireproof,500000,D,no
280,2008,3541090,Doubt,20000000,F,no
281,2008,3546532,Drillbit Taylor,40000000,F,no
282,2008,3499524,"Definitely, Maybe",7000000,F,no
283,2008,4397404,The Love Guru,62000000,F,no
284,2008,3967634,Milk,20000000,F,no
285,2008,4490656,Transporter 3,30000000,F,no
286,2008,4138323,Quarantine,12000000,D,no
287,2008,4021534,Nick and Norah's Infinite Playlist,10000000,F,no
288,2008,4601191,Zack and Miri Make a Porno,24000000,F,no
289,2008,4362022,The Eye,12000000,F,no
290,2008,3880765,Leatherheads,58000000,F,no
291,2008,3971264,Mirrors,35000000,F,no
292,2008,4262339,Space Chimps,37000000,D,yes
293,2008,4330871,The Bank Job,20000000,D,no
294,2008,4524992,Untraceable,35000000,F,no
295,2008,4459039,The Women,16000000,F,no
296,2009,3324605,Avatar,237000000,D,no
297,2009,4490143,Transformers: Revenge of the Fallen,210000000,F,no
298,2009,3691585,Harry Potter and the Half-Blood Prince,250000000,F,no
299,2009,4449818,The Twilight Saga: New Moon,50000000,F,no
300,2009,4525359,Up,175000000,D|F,yes
301,2009,4376776,The Hangover,35000000,F,no
302,2009,4272468,Star Trek,140000000,F,no
303,2009,4336179,The Blind Side,35000000,F,no
304,2009,3284426,Alvin and the Chipmunks: The Squeakquel,70000000,F,yes
305,2009,4226388,Sherlock Holmes,90000000,D|F,no
306,2009,3981382,Monsters vs. Aliens,175000000,D,yes
307,2009,3742733,Ice Age: Dawn of the Dinosaurs,90000000,D,yes
308,2009,4587920,X-Men Origins: Wolverine,150000000,F,no
309,2009,4022548,Night at the Museum: Battle of the Smithsonian,150000000,D|F,no
310,2009,3221029,2012,200000000,D|F,no
311,2009,4422155,The Proposal,40000000,F,no
312,2009,3604694,Fast & Furious,85000000,F,no
313,2009,3643891,G.I. Joe: The Rise of Cobra,175000000,D|F,no
314,2009,4088272,Paul Blart: Mall Cop,26000000,D,no
315,2008,4305270,Taken,25000000,D|F,no
316,2009,3233068,A Christmas Carol,190000000,D,yes
317,2009,3298854,Angels & Demons,150000000,F,no
318,2009,4317915,Terminator Salvation,200000000,F,no
319,2009,3444706,Cloudy with a Chance of Meatballs,100000000,D,yes
320,2009,3762482,Inglourious Basterds,70000000,F,no
321,2009,3643769,G-Force,150000000,F,yes
322,2009,3529615,District 9,30000000,D,no
323,2009,3775131,It's Complicated,85000000,F,no
324,2009,3462332,Couples Retreat,60000000,F,no
325,2007,4081905,Paranormal Activity,450000,D,no
326,2009,4556083,Watchmen,138000000,F,no
327,2009,4421179,The Princess and the Frog,105000000,D,yes
328,2009,4131509,Public Enemies,102500000,D|F,no
329,2009,3798127,Julie & Julia,40000000,F,no
330,2009,3695310,He's Just Not That Into You,40000000,F,no
331,2009,3928364,Madea Goes to Jail,17500000,F,no
332,2009,4450215,The Ugly Truth,38000000,F,no
333,2009,4525678,Up in the Air,30000000,F,no
334,2009,3825361,Knowing,50000000,D,no
335,2009,3687489,Hannah Montana: The Movie,30000000,F,no
336,2009,4569369,Where the Wild Things Are,100000000,F,no
337,2009,4606895,Zombieland,23600000,D,no
338,2009,3459164,Coraline,60000000,D,yes
339,2009,3870560,Law Abiding Citizen,53000000,F,no
340,2009,3724037,Hotel for Dogs,35000000,F,no
341,2009,4465637,This Is It,60000000,D,no
342,2009,3738163,"I Love You, Man",40000000,F,no
343,2009,4045768,Obsessed,20000000,F,no
344,2009,4142107,Race to Witch Mountain,50000000,F,no
345,2009,4364925,The Final Destination,40000000,D,no
346,2009,4443788,The Taking of Pelham 123,110000000,F,no
347,2009,3635742,Friday the 13th,17000000,F,no
348,2009,3217183,17 Again,40000000,F,no
349,2009,4446694,The Time Traveler's Wife,39000000,F,no
351,2009,3390731,Bride Wars,30000000,F,no
352,2009,4377474,The Haunting in Connecticut,10000000,F,no
354,2009,3641731,Funny People,72500000,F,no
355,2009,3735309,I Can Do Bad All by Myself,19000000,F,no
356,2009,3997254,My Bloody Valentine,14000000,D,no
357,2009,4051536,Old Dogs,35000000,F,no
358,2009,3864765,Land of the Lost,100000000,F,no
359,2009,4001458,My Sister's Keeper,27500000,F,no
360,2009,4120033,Precious,10000000,F,no
361,2009,4517995,Underworld: Rise of the Lycans,35000000,D,no
363,2009,4397671,The Lovely Bones,95000000,D|F,no
365,2009,4450510,The Unborn,16000000,F,no
366,2009,4105528,Planet 51,60000000,D,yes
367,2009,3543351,Drag Me to Hell,30000000,F,no
368,2009,4065947,Orphan,20000000,F,no
369,2009,3550964,Duplicity,60000000,F,no
370,2009,3464728,Crazy Heart,8500000,F,no
371,2009,4294352,Surrogates,80000000,F,no
372,2009,4025764,Ninja Assassin,50000000,F,no
373,2009,3769649,Invictus,60000000,F,no
374,2009,4274250,State of Play,60000000,D|F,no
375,2009,4036026,Notorious,19000000,F,no
376,2009,4418314,The Pink Panther 2,70000000,F,no
378,2009,3278591,All About Steve,15000000,F,no
379,2009,3684953,Halloween II,15000000,F,no
380,2009,4383196,The Informant!,22000000,D,no
381,2009,4390180,The Last House on the Left,15000000,F,no
382,2009,4403821,The Men Who Stare at Goats,24000000,F,no
383,2009,3212915,(500) Days of Summer,7500000,F,no
385,2009,4134339,Push,38000000,F,no
386,2009,3229453,9,30000000,D,yes
387,2009,4437811,The Soloist,60000000,F,no
388,2009,3517188,Did You Hear About the Morgans?,58000000,F,no
389,2009,4440328,The Stepfather,20000000,F,no
392,2009,3394503,Brothers,26000000,F,no
393,2009,4199548,Saw VI,11000000,F,no
394,2009,4367887,The Fourth Kind,10000000,D|F,no
395,2010,4487559,Toy Story 3,200000000,D,yes
396,2010,3277266,Alice in Wonderland,200000000,D|F,no
397,2010,3771270,Iron Man 2,170000000,D|F,no
398,2010,4449813,The Twilight Saga: Eclipse,68000000,F,no
399,2010,3691574,Harry Potter and the Deathly Hallows: Part 1,125000000,F,no
400,2010,3759757,Inception,160000000,F,no
401,2010,3511618,Despicable Me,69000000,D,yes
402,2010,4231835,Shrek Forever After,165000000,D,yes
403,2010,3727724,How to Train Your Dragon,165000000,D,yes
404,2010,4307889,Tangled,260000000,D,yes
405,2010,4386491,The Karate Kid,40000000,F,no
406,2010,4496046,Tron,200000000,D,no
407,2010,4497256,True Grit,35000000,F,no
408,2010,3441993,Clash of the Titans,125000000,F,no
409,2010,3676393,Grown Ups,75000000,D,no
410,2010,3901939,Little Fockers,100000000,F,no
411,2010,3954761,Megamind,130000000,D,yes
412,2010,4387776,The King's Speech,15000000,F,no
413,2010,4389207,The Last Airbender,150000000,F,no
414,2010,4232718,Shutter Island,80000000,D|F,no
415,2010,4413720,The Other Guys,100000000,F,no
416,2010,4190951,Salt,130000000,F,no
417,2010,3779181,Jackass 3D,20000000,D,no
418,2010,4530327,Valentine's Day,52000000,F,no
419,2010,3369949,Black Swan,13000000,D|F,no
420,2010,4171873,Robin Hood,210000000,F,no
421,2010,4345073,The Chronicles of Narnia: The Voyage of the Dawn Treader,155000000,D,no
422,2010,4361785,The Expendables,82000000,F,no
423,2010,3549449,Due Date,65000000,F,no
424,2010,4594798,Yogi Bear,80000000,D,yes
425,2010,3487761,Date Night,55000000,D,no
426,2010,4437620,The Social Network,40000000,D|F,no
427,2010,4217681,Sex and the City 2,95000000,F,no
428,2010,4337355,The Book of Eli,80000000,D,no
429,2010,4364535,The Fighter,11000000,D|F,no
430,2010,4447413,The Town,37000000,F,no
431,2010,4124114,Prince of Persia: The Sands of Time,200000000,F,no
432,2010,4152510,RED,60000000,F,no
433,2010,4093410,Percy Jackson & the Olympians: The Lightning Thief,95000000,F,no
435,2010,4522501,Unstoppable,95000000,F,no
436,2010,3555747,Eat Pray Love,60000000,F,no
437,2010,3495565,Dear John,25000000,F,no
438,2010,4323738,The A-Team,110000000,D|F,no
439,2010,3824701,Knight and Day,117000000,F,no
440,2010,3525767,Dinner for Schmucks,69000000,F,no
441,2010,4447322,The Tourist,100000000,F,no
442,2010,4337887,The Bounty Hunter,45000000,F,no
443,2010,3516625,Diary of a Wimpy Kid,15000000,F,no
444,2010,4438115,The Sorcerer's Apprentice,160000000,F,no
445,2010,3245860,A Nightmare on Elm Street,35000000,F,no
446,2010,4391213,The Last Song,20000000,F,no
447,2010,4458707,The Wolfman,150000000,F,no
448,2010,3654100,Get Him to the Greek,40000000,F,no
449,2010,4160697,Resident Evil: Afterlife,57500000,D,no
450,2010,4573405,Why Did I Get Married Too?,20000000,F,no
451,2010,4483519,Tooth Fairy,48000000,F,no
452,2010,4208626,Secretariat,35000000,D|F,no
453,2010,3555431,Easy A,8000000,D,no
454,2010,4305361,Takers,32000000,D|F,no
456,2010,3895320,Life as We Know It,38000000,F,no
457,2010,3892176,Letters to Juliet,30000000,F,no
458,2010,4552252,Wall Street: Money Never Sleeps,70000000,F,no
459,2010,4120219,Predators,40000000,D,no
461,2010,3723704,Hot Tub Time Machine,36000000,F,no
462,2010,3816931,Kick-Ass,28000000,F,no
463,2010,3819110,Killers,75000000,D,no
464,2010,4199526,Saw 3D,17000000,D,no
465,2010,3458724,Cop Out,37000000,F,no
466,2010,3418720,Cats & Dogs: The Revenge of Kitty Galore,85000000,F,no
467,2010,3557616,Edge of Darkness,60000000,F,no
468,2010,3678665,Gulliver's Travels,112000000,D|F,no
469,2010,3496005,Death at a Funeral,21000000,D,no
470,2010,4276033,Step Up 3D,30000000,D,no
472,2010,3882679,Legion,26000000,F,no
473,2010,3399894,Burlesque,55000000,F,no
474,2010,4349598,The Crazies,19000000,F,no
475,2010,3625472,For Colored Girls,21000000,F,no
476,2010,4330059,The Back-up Plan,35000000,F,no
477,2010,4531350,Vampires Suck,20000000,F,no
478,2010,4326257,The American,20000000,F,no
479,2010,3674361,Green Zone,100000000,F,no
480,2010,3514043,Devil,10000000,F,no
481,2010,3944138,Marmaduke,50000000,F,no
482,2010,3704211,Hereafter,50000000,D|F,no
483,2010,4567112,When in Rome,55000000,F,no
484,2010,3915042,Love & Other Drugs,30000000,F,no
485,2010,4225097,She's Out of My League,20000000,F,no
486,2010,4204202,Scott Pilgrim vs. the World,85000000,D|F,no
487,2010,3425782,Charlie St. Cloud,44000000,F,no
488,2010,3984077,Morning Glory,40000000,F,no
489,2010,3725898,How Do You Know,120000000,F,no
490,2009,3489901,Daybreakers,20000000,D|F,no
491,2010,4009066,Nanny McPhee and the Big Bang,35000000,F,no
492,2010,4443472,The Switch,19000000,F,no
493,2009,3394056,Brooklyn's Finest,17000000,F,no
494,2010,3926575,Machete,12500000,D,no
495,2011,3691575,Harry Potter and the Deathly Hallows: Part 2,125000000,F,no
496,2011,4490130,Transformers: Dark of the Moon,195000000,D|F,no
497,2011,4449808,The Twilight Saga: Breaking Dawn - Part 1,127500000,F,no
498,2011,4376779,The Hangover Part II,80000000,D|F,no
499,2011,4103795,Pirates of the Caribbean: On Stranger Tides,378500000,D,no
500,2011,3604798,Fast Five,125000000,F,no
501,2011,3973635,Mission: Impossible - Ghost Protocol,145000000,F,no
502,2011,3415586,Cars 2,200000000,D,yes
503,2011,4226454,Sherlock Holmes: A Game of Shadows,125000000,D|F,no
504,2011,4467098,Thor,150000000,F,no
505,2011,4168961,Rise of the Planet of the Apes,93000000,F,no
506,2011,3412079,Captain America: The First Avenger,140000000,D|F,no
507,2011,4378277,The Help,25000000,F,no
508,2011,3390776,Bridesmaids,32500000,F,no
509,2011,3832918,Kung Fu Panda 2,150000000,D,yes
510,2011,4134604,Puss in Boots,130000000,D,yes
511,2011,4588063,X: First Class,160000000,F,no
512,2011,4168263,Rio,90000000,D,yes
513,2011,4437355,The Smurfs,110000000,D,yes
514,2011,3284422,Alvin and the Chipmunks: Chipwrecked,80000000,F,yes
515,2011,4291293,Super 8,50000000,D|F,no
516,2011,4146640,Rango,135000000,D,yes
517,2011,3721702,Horrible Bosses,35000000,D,no
518,2011,3674209,Green Lantern,200000000,F,no
519,2011,3720609,Hop,63000000,F,yes
521,2011,3800584,Just Go with It,80000000,D|F,no
522,2011,4371620,The Girl with the Dragon Tattoo,90000000,D,no
523,2011,3332305,Bad Teacher,19000000,F,no
524,2011,3463266,Cowboys & Aliens,163000000,F,no
525,2011,3663071,Gnomeo & Juliet,36000000,D,yes
526,2011,4375258,The Green Hornet,110000000,D|F,no
527,2011,4407609,The Muppets,45000000,D,no
528,2011,4150384,Real Steel,110000000,D,no
529,2011,3464929,"Crazy, Stupid, Love.",50000000,F,no
530,2011,3342524,Battle Los Angeles,70000000,D|F,no
531,2011,3752853,Immortals,75000000,D,no
532,2011,4354327,The Descendants,20000000,F,no
533,2011,4607364,Zookeeper,80000000,D,no
534,2011,4553754,War Horse,70000000,F,no
535,2011,3899385,Limitless,27000000,D|F,no
536,2011,4487252,Tower Heist,85000000,D|F,no
537,2011,4325096,The Adventures of Tintin,130000000,D,yes
538,2011,3456899,Contagion,60000000,D,no
539,2011,4557976,We Bought a Zoo,50000000,F,no
540,2011,3979905,Moneyball,50000000,F,no
541,2011,3778448,Jack and Jill,79000000,D,no
542,2011,3729387,Hugo,180000000,D,no
543,2011,3801687,Justin Bieber: Never Say Never,13000000,D,no
544,2011,3534807,Dolphin Tale,37000000,D,no
545,2011,4029666,No Strings Attached,25000000,F,no
546,2011,3989681,Mr. Popper's Penguins,55000000,D,no
547,2011,3688921,Happy Feet Two,135000000,D,yes
548,2011,4521048,Unknown,40000000,F,no
549,2011,4324404,The Adjustment Bureau,50200000,F,no
550,2011,4556254,Water for Elephants,38000000,F,no
551,2011,4394289,The Lincoln Lawyer,40000000,D,no
552,2011,3965136,Midnight in Paris,30000000,F,no
553,2011,3636268,Friends with Benefits,35000000,D,no
554,2011,3734741,I Am Number Four,50000000,F,no
555,2011,4261045,Source Code,32000000,D|F,no
556,2011,4019431,New Year's Eve,26000000,D,no
558,2011,3928373,Madea's Big Happy Family,25000000,F,no
559,2011,3516627,Diary of a Wimpy Kid: Rodrick Rules,18000000,F,no
560,2011,3625118,Footloose,24000000,F,no
561,2011,4355619,The Dilemma,70000000,F,no
563,2011,3684734,Hall Pass,68000000,F,no
564,2011,4328510,The Artist,16000000,F,no
566,2011,3613930,Final Destination 5,40000000,D,no
567,2011,4382178,The Ides of March,23000000,F,no
568,2011,3687392,Hanna,30000000,D|F,no
569,2011,4255877,Something Borrowed,35000000,F,no
570,2011,4269055,Spy Kids: All the Time in the World in 4D,27000000,D,no
571,2011,4204639,Scream 4,40000000,F,no
572,2011,3361274,"Big Mommas: Like Father, Like Son",32000000,F,no
573,2011,4153591,Red Riding Hood,42000000,F,no
574,2011,3758824,In Time,35000000,D,no
575,2011,4088240,Paul,40000000,F,no
576,2011,3777846,J. Edgar,35000000,F,no
577,2011,4429362,The Roommate,16000000,D,no
578,2011,3798724,Jumping the Broom,7000000,D,no
579,2011,4343701,The Change-Up,52000000,F,no
580,2011,3223992,30 Minutes or Less,28000000,F,no
581,2011,3449108,Colombiana,40000000,F,no
582,2011,4286853,Sucker Punch,75000000,F,no
583,2011,3865929,Larry Crowne,30000000,F,no
584,2011,3254112,A Very Harold & Kumar 3D Christmas,20000000,D,no
585,2011,3546764,Drive,15000000,D,no
586,2011,3226923,50/50,8000000,F,no
587,2011,3462480,Courageous,2000000,D,no
588,2011,4428044,The Rite,37000000,F,no
589,2011,3312589,Arthur,40000000,F,no
590,2011,3596453,Extremely Loud & Incredibly Close,40000000,D,no
591,2010,4353551,The Debt,20000000,F,no
592,2011,4436431,The Sitter,25000000,F,no
593,2011,4123199,Priest,60000000,F,no
594,2011,4403407,The Mechanic,42500000,F,no
595,2012,4329450,The Avengers,225000000,D|F,no
596,2012,4351895,The Dark Knight Rises,275000000,F,no
597,2012,4381484,The Hunger Games,80000000,F,no
598,2012,4243991,Skyfall,200000000,D,no
599,2012,4379412,The Hobbit: An Unexpected Journey,250000000,D,no
600,2012,4449809,The Twilight Saga: Breaking Dawn - Part 2,136200000,F,no
601,2012,4326156,The Amazing Spider-Man,220000000,D,no
602,2012,3387921,Brave,185000000,D,yes
603,2012,4312845,Ted,50000000,D,no
604,2012,3927455,Madagascar 3: Europe's Most Wanted,145000000,D,yes
605,2012,4396531,The Lorax,67500000,D,yes
606,2012,4585636,Wreck-It Ralph,165000000,D,yes
607,2012,3899538,Lincoln,65000000,F,no
608,2012,3957961,Men in Black 3,215000000,D|F,no
609,2012,3530910,Django Unchained,100000000,F,no
610,2012,3742726,Ice Age: Continental Drift,95000000,D,yes
611,2012,4250441,Snow White and the Huntsman,170000000,D|F,no
612,2012,3887581,Les Misérables,65000000,F,no
613,2012,3724247,Hotel Transylvania,85000000,D,yes
614,2012,4305281,Taken 2,45000000,F,no
615,2012,3221718,21 Jump Street,42000000,D|F,no
616,2012,3309537,Argo,44500000,D|F,no
617,2012,4236998,Silver Linings Playbook,21000000,F,no
618,2012,4128652,Prometheus,125000000,D,no
619,2012,4188256,Safe House,85000000,F,no
620,2012,4453921,The Vow,30000000,F,no
621,2012,3896110,Life of Pi,120000000,D,no
622,2012,3930017,Magic Mike,7000000,D,no
623,2012,4337921,The Bourne Legacy,125000000,D|F,no
624,2012,3795626,Journey 2: The Mysterious Island,79000000,D,no
626,2012,4603692,Zero Dark Thirty,52500000,D,no
627,2012,3620894,Flight,31000000,D,no
628,2012,4464488,Think Like a Man,12000000,D,no
629,2012,4341787,The Campaign,95000000,D,no
630,2012,4361787,The Expendables 2,100000000,F,no
631,2012,4585588,Wrath of the Titans,150000000,D|F,no
632,2012,3778794,Jack Reacher,60000000,F,no
633,2012,3483506,Dark Shadows,150000000,F,no
634,2012,4082550,Parental Guidance,25000000,D|F,no
635,2012,3792434,John Carter,275000000,F,no
636,2012,3262414,Act of Valor,12000000,D|F,no
637,2012,4465396,This Is 40,35000000,D,no
638,2012,3457357,Contraband,25000000,F,no
639,2012,3909665,Looper,30000000,F,no
640,2012,3928379,Madea's Witness Protection,20000000,D,no
641,2012,3342907,Battleship,209000000,F,no
642,2012,4104357,Pitch Perfect,17000000,D,no
643,2012,3971164,Mirror Mirror,85000000,D,no
644,2012,3436391,Chronicle,12000000,D,no
645,2012,3720911,Hope Springs,30000000,D,no
646,2012,4517981,Underworld Awakening,70000000,D,no
647,2012,4397935,The Lucky One,25000000,F,no
648,2012,4355534,The Dictator,65000000,D,no
649,2012,4485505,Total Recall,125000000,D|F,no
650,2012,3288621,American Reunion,50000000,F,no
651,2012,4082025,ParaNorman,60000000,D,yes
652,2012,4466258,This Means War,65000000,F,no
653,2012,4128218,Project X,12000000,D,no
654,2012,4458828,The Woman in Black,15000000,F,no
656,2012,4354804,The Devil Inside,1000000,D,no
657,2012,4411805,The Odd Life of Timothy Green,40000000,F,no
658,2011,3656062,Ghost Rider: Spirit of Vengeance,57000000,D,no
659,2011,4375435,The Grey,25000000,F,no
660,2012,4153921,Red Tails,58000000,D,no
661,2012,4419841,The Possession,14000000,F,no
662,2012,3516626,Diary of a Wimpy Kid: Dog Days,22000000,F,no
663,2012,4239409,Sinister,3000000,D|F,no
664,2012,4198625,Savages,45000000,F,no
665,2011,4333050,The Best Exotic Marigold Hotel,10000000,F,no
666,2012,3982507,Moonrise Kingdom,16000000,F,no
667,2012,3703865,Here Comes the Boom,42000000,D,no
668,2012,4152880,Red Dawn,65000000,F,no
669,2012,4446194,The Three Stooges,30000000,F,no
670,2012,4160710,Resident Evil: Retribution,65000000,D,no
671,2012,4341222,The Cabin in the Woods,30000000,F,no
672,2012,4565292,What to Expect When You're Expecting,37500000,D,no
673,2012,3579369,End of Watch,15000000,D,no
674,2012,4173116,Rock of Ages,70000000,D,no
675,2012,3259848,Abraham Lincoln: Vampire Hunter,67500000,D|F,no
676,2012,3870687,Lawless,26000000,D,no
677,2012,4375978,The Guilt Trip,40000000,F,no
678,2012,4321397,That's My Boy,57500000,D,no
679,2012,4496654,Trouble with the Curve,60000000,F,no
680,2012,3632203,Frankenweenie,39000000,D,yes
681,2012,4276037,Step Up Revolution,33000000,D,no
682,2012,3667723,Good Deeds,14000000,D,no
683,2012,4455189,The Watch,55000000,D,no
685,2012,3724652,House at the End of the Street,6900000,F,no
686,2012,4418466,The Pirates! In an Adventure with Scientists!,55000000,D,yes
687,2012,3796315,Joyful Noise,27500000,F,no
688,2011,4384605,The Iron Lady,14000000,F,no
690,2012,4366130,The Five-Year Engagement,30000000,D,no
691,2012,3444575,Cloud Atlas,102000000,D|F,no
692,2012,4057763,One for the Money,42000000,F,no
693,2012,3275960,Alex Cross,35000000,D|F,no
694,2012,3811589,Katy Perry: Part of Me,12000000,D,no
695,2013,4381496,The Hunger Games: Catching Fire,130000000,F,no
696,2013,3771283,Iron Man Three,200000000,D,no
697,2013,3638506,Frozen,150000000,D,yes
698,2013,3511620,Despicable Me 2,76000000,D,yes
699,2013,3936906,Man of Steel,225000000,F,no
700,2013,3672942,Gravity,110000000,D|F,no
701,2013,3981380,Monsters University,200000000,D,yes
702,2013,4379424,The Hobbit: The Desolation of Smaug,250000000,D,no
703,2013,3642028,Furious 6,160000000,F,no
704,2013,4073471,Oz the Great and Powerful,200000000,D,no
705,2013,4272595,Star Trek Into Darkness,190000000,D|F,no
706,2013,4467123,Thor: The Dark World,150000000,D,no
707,2013,4584669,World War Z,190000000,D|F,no
708,2013,4350045,The Croods,135000000,D,yes
709,2013,4378063,The Heat,43000000,F,no
710,2013,4559150,We're the Millers,37000000,D,no
711,2013,3288245,American Hustle,40000000,F,no
712,2013,4374323,The Great Gatsby,190000000,D,no
713,2013,4347859,The Conjuring,20000000,D,no
714,2013,3744306,Identity Thief,35000000,D,no
715,2013,3676396,Grown Ups 2,80000000,D,no
716,2013,4458718,The Wolverine,115000000,D,no
717,2013,3295982,Anchorman 2: The Legend Continues,50000000,D,no
718,2013,3907573,Lone Survivor,40000000,D,no
719,2013,3643885,G.I. Joe: Retaliation,140000000,F,no
720,2013,3444708,Cloudy with a Chance of Meatballs 2,78000000,D,yes
721,2013,4037101,Now You See Me,75000000,F,no
722,2013,4458675,The Wolf of Wall Street,100000000,D|F,no
723,2013,4340964,The Butler,30000000,F,no
724,2013,4376780,The Hangover Part III,103000000,D|F,no
725,2013,3582698,Epic,100000000,D,yes
726,2013,3412363,Captain Phillips,55000000,D|F,no
728,2013,4074582,Pacific Rim,190000000,D,no
729,2013,4465968,This Is the End,32000000,D,no
730,2013,4053038,Olympus Has Fallen,70000000,F,no
731,2013,3225670,42,40000000,D,no
732,2013,3574924,Elysium,120000000,D,no
733,2013,4105507,Planes,50000000,D,yes
734,2013,4395716,The Lone Ranger,275000000,D|F,no
735,2013,4045464,Oblivion,120000000,D,no
736,2013,3765398,Insidious: Chapter 2,5000000,D,no
737,2013,4199257,Saving Mr. Banks,35000000,F,no
738,2013,4500974,Turbo,135000000,D,yes
739,2013,3219514,2 Guns,61000000,D|F,no
740,2013,4570872,White House Down,150000000,D,no
741,2013,3935683,Mama,15000000,D,no
742,2013,4188228,Safe Haven,28000000,D,no
743,2013,4437356,The Smurfs 2,110000000,D,yes
744,2013,4333132,The Best Man Holiday,17000000,D,no
745,2013,4093413,Percy Jackson: Sea of Monsters,90000000,F,no
746,2013,3238959,A Good Day to Die Hard,92000000,F,no
747,2013,4554335,Warm Bodies,30000000,F,no
748,2013,3778888,Jack the Giant Slayer,195000000,D,no
749,2013,4422668,The Purge,3000000,D,no
750,2013,3868777,Last Vegas,28000000,D,no
751,2013,3579499,Ender's Game,110000000,D,no
752,2013,4125139,Prisoners,46000000,D,no
753,2013,3267392,After Earth,130000000,D,no
754,2013,4432865,The Secret Life of Walter Mitty,91000000,F,no
755,2013,3585881,Escape from Planet Earth,40000000,D,yes
756,2013,3216165,12 Years a Slave,20000000,F,no
757,2013,3633594,Free Birds,55000000,D,yes
758,2013,3687828,Hansel & Gretel: Witch Hunters,50000000,D,no
759,2013,3592596,Evil Dead,17000000,D,no
760,2013,4152579,RED 2,84000000,F,no
761,2013,3242937,A Madea Christmas,25000000,D,no
763,2013,4341461,The Call,12800000,D,no
764,2013,4075540,Pain & Gain,26000000,D|F,no
765,2013,3647249,Gangster Squad,60000000,D,no
766,2013,4383805,The Internship,58000000,D|F,no
767,2013,4029399,No se aceptan devoluciones,5000000,F,no
768,2013,4250003,Snitch,15000000,D,no
769,2013,4166207,Riddick,38000000,D,no
770,2013,3239689,A Haunted House,2500000,D,no
771,2013,3225933,47 Ronin,175000000,D,no
772,2013,3322373,August: Osage County,25000000,F,no
773,2013,4098412,Philomena,12000000,D|F,no
774,2013,4363082,The Family,30000000,D|F,no
775,2013,4552116,Walking with Dinosaurs 3D,80000000,D,yes
776,2013,3415315,Carrie,30000000,D,no
777,2013,4319698,Texas Chainsaw 3D,20000000,D,no
778,2013,4141316,R.I.P.D.,130000000,D,no
779,2013,3376374,Blue Jasmine,18000000,F,no
780,2013,3815380,Kevin Hart: Let Me Explain,2500000,D,no
781,2013,4234147,Side Effects,30000000,D,no
782,2013,4200943,Scary Movie 5,20000000,D,no
783,2013,4406862,The Mortal Instruments: City of Bones,60000000,F,no
784,2013,3500885,Delivery Man,22000000,F,no
785,2013,3676571,Grudge Match,40000000,D,no
786,2013,4057547,One Direction: This Is Us,10000000,D,no
787,2013,3816932,Kick-Ass 2,28000000,D,no
788,2013,3478246,Dallas Buyers Club,5000000,D,no
789,2013,4183752,Rush,38000000,D,no
790,2013,4380447,The Host,50000000,D,no
791,2013,4459940,The World's End,20000000,F,no
792,2013,3221657,21 & Over,13000000,D,no
793,2013,3585977,Escape Plan,70000000,D,no
794,2013,3535718,Don Jon,5500000,F,no
795,2014,3288722,American Sniper,58000000,D,no
796,2014,4381503,The Hunger Games: Mockingjay - Part 1,125000000,D,no
797,2014,3677340,Guardians of the Galaxy,170000000,D,no
798,2014,3412086,Captain America: The Winter Soldier,170000000,D,no
799,2014,4392954,The LEGO Movie,60000000,D,yes
800,2014,4379423,The Hobbit: The Battle of the Five Armies,250000000,D,no
801,2014,4490126,Transformers: Age of Extinction,210000000,D|F,no
802,2014,3934918,Maleficent,180000000,D,no
803,2014,4587937,X-Men: Days of Future Past,200000000,D|F,no
804,2014,3361056,Big Hero 6,165000000,D,yes
805,2014,3489286,Dawn of the Planet of the Apes,170000000,D,no
806,2014,4326158,The Amazing Spider-Man 2,200000000,F,no
807,2014,3664650,Godzilla,160000000,D,no
808,2014,3221863,22 Jump Street,50000000,D,no
809,2014,4313727,Teenage Mutant Ninja Turtles,125000000,D,no
810,2014,3767540,Interstellar,165000000,F,no
811,2014,3727726,How to Train Your Dragon 2,145000000,D,yes
812,2014,3667153,Gone Girl,61000000,D,no
813,2014,3529964,Divergent,85000000,D,no
814,2014,4015138,Neighbors,18000000,D,no
815,2014,4166302,Ride Along,25000000,D,no
816,2014,4168270,Rio 2,130000000,D,yes
817,2014,3768651,Into the Woods,56200000,D,no
818,2014,3921072,Lucy,40000000,D|F,no
819,2014,4363833,The Fault in Our Stars,12000000,D,no
820,2014,4515517,Unbroken,65000000,D,no
821,2014,4022557,Night at the Museum: Secret of the Tomb,127000000,D,no
822,2014,3989608,Mr. Peabody & Sherman,145000000,D,yes
823,2014,3224206,300: Rise of an Empire,110000000,D,no
824,2014,4403245,The Maze Runner,34000000,D,no
825,2014,4360714,The Equalizer,55000000,D,no
826,2014,4030292,Noah,130000000,D|F,no
827,2014,3557688,Edge of Tomorrow,178000000,F,no
828,2014,4032321,Non-Stop,50000000,F,no
829,2014,3698038,Heaven Is for Real,12000000,D,no
830,2014,4382348,The Imitation Game,15000000,F,no
831,2014,3550318,Dumb and Dumber To,40000000,D,no
832,2014,3301905,Annie,65000000,D,no
833,2014,3642220,Fury,80000000,F,no
834,2014,4307492,Tammy,20000000,F,no
835,2014,3301603,Annabelle,6500000,D,no
836,2014,4414125,The Other Woman,40000000,F,no
837,2014,4091879,Penguins of Madagascar,132000000,D,yes
838,2014,3891130,Let's Be Cops,17000000,D,no
839,2014,4406506,The Monuments Men,70000000,D|F,no
840,2014,3703657,Hercules,100000000,D,no
841,2014,4422672,The Purge: Anarchy,9000000,D,no
843,2014,4464489,Think Like a Man Too,24000000,D,no
844,2014,3594529,Exodus: Gods and Kings,140000000,D,no
845,2014,4411489,The Nut Job,30000000,D,yes
846,2014,3664253,God's Not Dead,1150000,D,no
847,2014,4257072,Son of God,22000000,D,no
848,2014,4105515,Planes: Fire & Rescue,50000000,D,yes
849,2014,4373630,The Grand Budapest Hotel,31000000,F,no
850,2014,4172217,RoboCop,120000000,D,no
851,2014,3543244,Dracula Untold,70000000,F,no
852,2014,3721703,Horrible Bosses 2,40000000,D,no
853,2014,4381454,The Hundred-Foot Journey,22000000,D|F,no
854,2014,4027837,No Good Deed,13200000,D,no
855,2014,3993322,Muppets Most Wanted,55000000,D,no
856,2014,4068835,Ouija,5000000,D,no
857,2014,4338192,The Boxtrolls,60000000,D,yes
858,2014,3778812,Jack Ryan: Shadow Recruit,60000000,D|F,no
859,2014,3744960,If I Stay,11000000,D,no
860,2014,4337390,The Book of Life,50000000,D,yes
861,2014,3259554,About Last Night,13000000,D,no
862,2014,3768560,Into the Storm,50000000,D,no
863,2014,4386165,The Judge,50000000,F,no
864,2014,3787219,Jersey Boys,40000000,D,no
865,2014,3371854,Blended,45000000,D,no
866,2014,4371818,The Giver,25000000,D,no
867,2014,4270254,St. Vincent,13000000,F,no
868,2014,4014496,Need for Speed,66000000,D,no
869,2014,3792978,John Wick,30000000,D,no
870,2014,3244130,A Million Ways to Die in the West,40000000,D,no
871,2014,3365295,Birdman or (The Unexpected Virtue of Ignorance),18000000,D,no
872,2014,3534808,Dolphin Tale 2,36000000,D,no
873,2014,4361789,The Expendables 3,100000000,D,no
874,2014,3554809,Earth to Echo,13000000,D,no
875,2014,4218404,Sex Tape,40000000,D,no
876,2014,4575064,Wild,15000000,D,no
877,2014,3967995,Million Dollar Arm,25000000,D|F,no
878,2014,4445405,The Theory of Everything,15000000,D|F,no
879,2014,4466057,This Is Where I Leave You,20000000,D,no
880,2014,4369116,The Gambler,25000000,D,no
881,2014,4081918,Paranormal Activity: The Marked Ones,5000000,D,no
882,2014,4023772,Nightcrawler,8500000,D|F,no
883,2014,3428235,Chef,11000000,D,no
884,2014,3223269,3 Days to Kill,28000000,D,no
885,2014,3500740,Deliver Us from Evil,30000000,D,no
886,2014,3654225,Get on Up,30000000,D,no
887,2014,4567868,When the Game Stands Tall,15000000,D,no
888,2014,3543309,Draft Day,25000000,D,no
889,2013,4046785,Oculus,5000000,D,no
890,2014,4333365,The Best of Me,26000000,D,no
891,2014,4320719,That Awkward Moment,8000000,D,no
892,2014,3254753,A Walk Among the Tombstones,28000000,D,no
893,2013,3702358,Her,23000000,D,no
894,2014,3386406,Boyhood,4000000,F,no
895,2015,4272821,Star Wars: Episode VII - The Force Awakens,306000000,F,no
896,2015,3799761,Jurassic World,215000000,D|F,no
897,2015,3324830,Avengers: Age of Ultron,330600000,D,no
898,2015,3764900,Inside Out,175000000,D,yes
899,2015,3642058,Furious Seven,190000000,D|F,no
900,2015,3969733,Minions,74000000,D,yes
901,2015,4381504,The Hunger Games: Mockingjay - Part 2,160000000,D,no
902,2015,4402503,The Martian,108000000,D,no
903,2015,3438710,Cinderella,95000000,F,no
904,2015,4264379,Spectre,300000000,D|F,no
905,2015,3973641,Mission: Impossible - Rogue Nation,150000000,D|F,no
906,2015,4104358,Pitch Perfect 2,29000000,D,no
907,2015,4427061,The Revenant,135000000,D,no
908,2015,3303275,Ant-Man,130000000,D,no
910,2015,3724250,Hotel Transylvania 2,80000000,D,yes
911,2015,3611768,Fifty Shades of Grey,40000000,D,no
912,2015,4439390,The SpongeBob Movie: Sponge Out of Water,74000000,D,yes
913,2015,4280457,Straight Outta Compton,28000000,D,no
914,2015,4192998,San Andreas,110000000,D,no
915,2015,3927298,Mad Max: Fury Road,150000000,D,no
916,2015,3476624,Daddy's Home,50000000,D,no
917,2015,3766132,Insurgent,110000000,D,no
919,2014,3821535,Kingsman: The Secret Service,94000000,D,no
920,2015,4372904,The Good Dinosaur,187500000,D,yes
921,2015,4268995,Spy,65000000,D,no
922,2015,4489355,Trainwreck,35000000,F,no
923,2015,3465592,Creed,37000000,D,no
924,2015,4482026,Tomorrowland,170000000,D,no
925,2015,3654080,Get Hard,40000000,D,no
926,2015,4317910,Terminator Genisys,155000000,D,no
927,2014,4305283,Taken 3,48000000,F,no
928,2015,4240847,Sisters,30000000,D,no
929,2015,3284425,Alvin and the Chipmunks: The Road Chip,90000000,D,yes
930,2015,3951243,Maze Runner: The Scorch Trials,61000000,D,no
931,2015,4312849,Ted 2,68000000,D,no
932,2015,3669300,Goosebumps,58000000,D,no
933,2015,4104649,Pixels,90000000,D,no
934,2014,4074827,Paddington,55000000,D,yes
935,2015,4383733,The Intern,40000000,D,no
936,2015,3390854,Bridge of Spies,40000000,F,no
937,2015,4088273,Paul Blart: Mall Cop 2,38000000,D,no
938,2015,4334521,The Big Short,28000000,D|F,no
939,2015,4553964,War Room,3000000,D,no
940,2015,3930019,Magic Mike XXL,14500000,D,no
941,2015,4453479,The Visit,5000000,D,no
942,2015,4456129,The Wedding Ringer,23000000,D,no
943,2015,3369167,Black Mass,53000000,F,no
944,2015,4529429,Vacation,31000000,D,no
945,2015,4416894,The Perfect Guy,18000000,D,no
946,2015,3796146,Joy,60000000,F,no
947,2015,3603088,Fantastic Four,120000000,D,no
948,2015,4377319,The Hateful Eight,62000000,F,no
949,2015,3623493,Focus,65000000,D,no
950,2015,4261753,Southpaw,30000000,D,no
951,2015,3765399,Insidious: Chapter 3,10000000,D,no
952,2014,4212641,Selma,20000000,D,no
953,2015,3799644,Jupiter Ascending,179000000,D,no
954,2015,4112270,Poltergeist,35000000,D,no
955,2015,4233821,Sicario,30000000,D,no
956,2015,4400849,The Man from U.N.C.L.E.,75000000,D,no
957,2015,4268097,Spotlight,20000000,D,no
958,2015,3951639,"McFarland, USA",17000000,F,no
959,2015,4370699,The Gift,5000000,D,no
960,2015,3591055,Everest,65000000,D,no
961,2015,4410379,The Night Before,25000000,D,no
962,2015,3830112,Krampus,15000000,D,no
963,2015,3949829,Max,20000000,D,no
964,2015,4325358,The Age of Adaline,30000000,D|F,no
965,2015,3393952,Brooklyn,11000000,D,no
966,2015,4396368,The Longest Ride,34000000,D,no
967,2015,4338330,The Boy Next Door,4000000,D,no
968,2015,4077218,Pan,150000000,D,no
969,2015,3723404,Hot Pursuit,35000000,F,no
970,2015,3454592,Concussion,35000000,D,no
971,2015,4358318,The DUFF,8500000,D,no
972,2015,4581845,Woman in Gold,11000000,D,no
973,2015,4432424,The Second Best Exotic Marigold Hotel,10000000,D,no
974,2014,4519835,Unfriended,1000000,D,no
975,2015,3581714,Entourage,30000000,F,no
976,2015,4079874,Paper Towns,12000000,D,no
977,2015,3424856,Chappie,49000000,D,no
978,2015,3466696,Crimson Peak,55000000,D,no
979,2015,3254806,A Walk in the Woods,8000000,D|F,no
980,2015,4110292,Point Break,100000000,D,no
981,2015,4239415,Sinister 2,10000000,D,no
982,2015,4391678,The Last Witch Hunter,80000000,D,no
983,2015,4027600,No Escape,5000000,D,no
984,2015,4165993,Ricki and the Flash,18000000,D,no
985,2014,4458829,The Woman in Black 2: Angel of Death,15000000,D,no
986,2015,4182355,Run All Night,50000000,F,no
987,2015,3917930,Love the Coopers,18000000,D,no
988,2015,4392148,The Lazarus Effect,5000000,D,no
989,2014,3593197,Ex Machina,13000000,D,no
990,2015,3757627,In the Heart of the Sea,100000000,D,no
991,2015,4369088,The Gallows,100000,D,no
992,2015,3713322,Hitman: Agent 47,35000000,D,no
993,2015,4127882,Project Almanac,12000000,D,no
994,2014,3369390,Black or White,9000000,D,no
995,2016,4174476,Rogue One,200000000,D,no
997,2016,3412075,Captain America: Civil War,250000000,D,no
998,2016,4432837,The Secret Life of Pets,75000000,D,yes
999,2016,4386314,The Jungle Book,175000000,D,no
1000,2016,3494923,Deadpool,58000000,D|F,no
1001,2016,4607464,Zootopia,150000000,D,yes
1002,2016,3342087,Batman v Superman: Dawn of Justice,250000000,D|F,no
1003,2016,4288055,Suicide Squad,175000000,F,no
1004,2016,4238767,Sing,75000000,D,yes
1005,2016,3975913,Moana,150000000,D,yes
1006,2016,3603041,Fantastic Beasts and Where to Find Them,180000000,D,no
1007,2016,3532643,Doctor Strange,165000000,D|F,no
1008,2016,3707213,Hidden Figures,25000000,F,no
1009,2016,3783191,Jason Bourne,120000000,D|F,no
1010,2016,4272554,Star Trek Beyond,185000000,D,no
1011,2016,4587931,X-Men: Apocalypse,178000000,D,no
1013,2016,3850969,La La Land,20000000,F,no
1014,2016,3832921,Kung Fu Panda 3,140000000,D,yes
1015,2016,3656264,Ghostbusters,144000000,D,no
1016,2016,3421294,Central Intelligence,50000000,D,no
1017,2016,4392792,The Legend of Tarzan,180000000,D,no
1018,2016,4288677,Sully,60000000,D,no
1019,2016,3332109,Bad Moms,20000000,F,no
1021,2016,3760456,Independence Day: Resurgence,165000000,D,no
1022,2016,4347860,The Conjuring 2,40000000,D,no
1023,2016,3311445,Arrival,47000000,D,no
1024,2016,4085575,Passengers,110000000,D,no
1025,2016,4198380,Sausage Party,19000000,D,yes
1026,2016,4399012,The Magnificent Seven,90000000,F,no
1027,2016,4166304,Ride Along 2,40000000,D,no
1028,2016,3536176,Don't Breathe,10000000,D,no
1029,2016,3972622,Miss Peregrine's Home for Peculiar Children,110000000,D,no
1030,2016,4324118,The Accountant,40000000,F,no
1031,2016,4313747,Teenage Mutant Ninja Turtles: Out of the Shadows,135000000,D,no
1032,2016,4422673,The Purge: Election Year,10000000,D,no
1033,2016,3277361,Alice Through the Looking Glass,170000000,D,no
1034,2016,4096399,Pete's Dragon,65000000,D,no
1035,2016,4371449,The Girl on the Train,45000000,F,no
1038,2016,3214423,10 Cloverfield Lane,5000000,D,no
1039,2016,3897770,Lights Out,5000000,D,no
1040,2016,3682633,Hacksaw Ridge,40000000,D,no
1041,2016,3281312,Allegiant,110000000,D,no
1042,2016,4037103,Now You See Me 2,90000000,D,no
1043,2016,3742725,Ice Age: Collision Course,105000000,D,yes
1044,2016,4337716,The Boss,29000000,D,no
1045,2016,3907314,London Has Fallen,60000000,D,no
1047,2016,3499124,Deepwater Horizon,156000000,D,no
1049,2016,3997175,My Big Fat Greek Wedding 2,18000000,D,no
1050,2016,3778795,Jack Reacher: Never Go Back,60000000,F,no
1051,2016,3609258,Fences,24000000,F,no
1052,2016,3951997,Me Before You,20000000,D,no
1053,2016,4333787,The BFG,140000000,D,no
1054,2016,4015150,Neighbors 2: Sorority Rising,35000000,F,no
1055,2016,4434382,The Shallows,13000000,D,no
1056,2016,4048541,Office Christmas Party,45000000,D,no
1057,2016,3316986,Assassin's Creed,125000000,D,no
1058,2016,3338584,Barbershop: The Next Cut,20000000,D,no
1059,2016,3216427,13 Hours,50000000,D,no
1060,2016,3900244,Lion,12000000,D,no
1062,2016,4381851,The Huntsman: Winter's War,115000000,D,no
1063,2016,3937744,Manchester by the Sea,8500000,D,no
1064,2016,4554118,Warcraft,160000000,D,no
1065,2016,3726844,How to Be Single,37000000,D,no
1066,2016,3966287,Mike and Dave Need Wedding Dates,33000000,D,no
1067,2016,4553695,War Dogs,50000000,D,no
1069,2016,3979795,Money Monster,27000000,D,no
1070,2016,3281772,Allied,85000000,D,no
1071,2016,4016845,Nerve,20000000,D,no
1072,2016,4169039,Risen,20000000,D,no
1073,2016,4410314,The Nice Guys,50000000,D,no
1074,2016,4338202,The Boy,10000000,D,no
1075,2016,3527162,Dirty Grandpa,11500000,D,no
1076,2016,4068856,Ouija: Origin of Evil,9000000,D,no
1077,2016,4323365,The 5th Wave,38000000,D,no
1078,2016,3761876,Inferno,75000000,D,no
1079,2016,3985883,Mother's Day,25000000,D,no
1080,2016,4087910,Patriots Day,40000000,D,no
1081,2016,3664561,Gods of Egypt,140000000,D,no
1082,2016,3448562,Collateral Beauty,36000000,D,no
1083,2016,3683361,"Hail, Caesar!",22000000,F,no
1084,2016,4567726,When the Bough Breaks,10000000,D,no
1085,2016,4607372,Zoolander 2,50000000,D,no
1086,2016,3982397,Moonlight,1500000,D,no
1087,2016,4365204,The Finest Hours,70000000,D,no
1088,2016,3621818,Florence Foster Jenkins,29000000,D,no
1089,2016,3700251,Hell or High Water,12000000,D,no
1090,2016,4367285,The Forest,10000000,D,no
1092,2015,4454026,The VVitch: A New-England Folktale,3500000,D,no
1093,2016,3390953,Bridget Jones's Baby,35000000,D,no
1094,2016,3815384,Kevin Hart: What Now?,10000000,D,no
1095,2017,3345950,Beauty and the Beast,160000000,D,no
1096,2017,4582829,Wonder Woman,150000000,D|F,no
1098,2017,3677341,Guardians of the Galaxy Vol. 2,200000000,D,no
1099,2017,4265606,Spider-Man: Homecoming,175000000,D,no
1100,2017,3773755,It,35000000,D,no
1102,2017,3906579,Logan,127000000,D,no
1103,2017,4363764,The Fate of the Furious,250000000,D,no
1104,2017,3550774,Dunkirk,150000000,F,no
1106,2017,3801508,Justice League,300000000,D|F,no
1107,2017,3654234,Get Out,5000000,D,no
1109,2017,4103794,Pirates of the Caribbean: Dead Men Tell No Tales,230000000,D,no
1110,2017,3827908,Kong: Skull Island,185000000,D,no
1111,2017,3415589,Cars 3,175000000,D,yes
1112,2017,4553717,War for the Planet of the Apes,152000000,D,no
1113,2017,4467121,Thor: Ragnarok,180000000,D,no
1114,2016,4267045,Split,5000000,D,no
1115,2017,4490150,Transformers: The Last Knight,217000000,D|F,no
1116,2017,3660050,Girls Trip,28000000,D,no
1117,2017,3611759,Fifty Shades Darker,55000000,D,no
1118,2017,3328988,Baby Driver,34000000,D|F,no
1119,2017,3301626,Annabelle: Creation,15000000,D,no
1120,2017,3821534,Kingsman: The Golden Circle,104000000,D,no
1121,2017,3792982,John Wick: Chapter 2,40000000,D,no
1122,2017,3370877,Blade Runner 2049,185000000,D,no
1123,2017,4359694,The Emoji Movie,50000000,D,yes
1124,2017,4118579,Power Rangers,120000000,D,no
1125,2017,4407551,The Mummy,195000000,D|F,no
1126,2017,4379364,The Hitman's Bodyguard,30000000,D,no
1127,2017,3993847,Murder on the Orient Express,55000000,F,no
1128,2017,3277856,Alien: Covenant,97000000,D,no
1130,2017,3236071,A Dog's Purpose,25000000,D,no
1131,2017,3343429,Baywatch,60000000,D,no
1135,2017,3320005,Atomic Blonde,30000000,D,no
1136,2017,4352065,The Dark Tower,60000000,D,no
1137,2017,3288359,American Made,50000000,D,no
1139,2016,4374811,The Great Wall,150000000,D,no
1140,2017,3665089,Going in Style,24000000,D,no
1141,2017,4249051,Smurfs: The Lost Village,60000000,D,yes
1143,2017,4589736,xXx: Return of Xander Cage,85000000,D,no
1146,2017,3798496,Jumanji: Welcome to the Jungle,90000000,D,no
1147,2017,4334547,The Big Sick,5000000,D,no
1148,2017,3655910,Ghost in the Shell,110000000,D,no
1149,2017,4530431,Valerian and the City of a Thousand Planets,180000000,D,no
1150,2017,3820469,King Arthur: Legend of the Sword,175000000,D,no
1151,2017,3287558,American Assassin,33000000,D,no
1153,2017,4577335,Wind River,11000000,D,no
1155,2017,4367240,The Foreigner,35000000,D,no
1158,2017,3817355,Kidnap,21000000,D,no
1159,2016,4517990,Underworld: Blood Wars,35000000,D,no
1160,2017,3895064,Life,58000000,D,no
1161,2017,3789265,Jigsaw,10000000,D,no
1162,2017,3653180,Geostorm,100000000,D,no
1163,2017,4407236,The Mountain Between Us,35000000,D,no
1165,2017,4168130,Rings,25000000,D,no
1166,2017,3906582,Logan Lucky,29000000,D,no
1167,2017,3717261,Home Again,15000000,D,no
1168,2016,4160712,Resident Evil: The Final Chapter,40000000,D,no
1170,2017,3230513,A Bad Moms Christmas,28000000,D,no
1171,2017,3657211,Gifted,7000000,F,no
1172,2017,4341134,The Bye Bye Man,7400000,D,no
1173,2017,3609566,Ferdinand,111000000,D,yes
1175,2016,3335546,Ballerina,30000000,F,yes
1178,2017,4345249,The Circle,18000000,D,no
1181,2017,3433338,CHIPS,25000000,D,no
1182,2017,3985816,Mother!,33000000,D|F,no
1183,2017,4461470,The Zookeeper's Wife,20000000,D,no
1185,2017,3620138,Flatliners,20000000,D,no
1186,2017,3513228,Detroit,34000000,D,no
1187,2017,4061022,Only the Brave,38000000,D,no
1188,2017,3773879,It Comes at Night,5000000,D,no
1191,2017,4375083,The Greatest Showman,84000000,D,no
1192,2016,4367698,The Founder,10500000,D,no
1193,2017,3342703,Battle of the Sexes,25000000,F,no
1194,2017,4332562,The Beguiled,10500000,F,no
